sample	type	time_stamp
Calaveras_P1S1_Rep1	plate	2018-10-26 17:31:04
Calaveras_P1S1_Rep1	water	2018-10-26 17:32:38
Calaveras_P1S1_Rep1	water	2018-10-26 17:32:42
Calaveras_P1S1_Rep1	water	2018-10-26 17:32:47
Calaveras_P1S1_Rep1	water	2018-10-26 17:32:51
Calaveras_P1S1_Rep1	water	2018-10-26 17:32:56
Calaveras_P1S1_Rep1	water	2018-10-26 17:33:00
Calaveras_P1S1_Rep1	water	2018-10-26 17:33:05
Calaveras_P1S1_Rep1	water	2018-10-26 17:33:09
Calaveras_P1S1_Rep1	water	2018-10-26 17:33:14
Calaveras_P1S1_Rep1	sky	2018-10-26 17:33:31
Calaveras_P1S1_Rep1	sky	2018-10-26 17:33:35
Calaveras_P1S1_Rep1	sky	2018-10-26 17:33:40
Calaveras_P1S1_Rep1	sky	2018-10-26 17:33:44
Calaveras_P1S1_Rep1	sky	2018-10-26 17:33:50
Calaveras_P1S1_Rep1	sky	2018-10-26 17:33:56
Calaveras_P1S1_Rep1	sky	2018-10-26 17:34:02
Calaveras_P1S1_Rep1	sky	2018-10-26 17:34:08
Calaveras_P1S1_Rep2	plate	2018-10-26 17:34:23
Calaveras_P1S1_Rep2	water	2018-10-26 17:34:30
Calaveras_P1S1_Rep2	sky	2018-10-26 17:35:07
Calaveras_P1S1_Rep2	sky	2018-10-26 17:35:12
Calaveras_P1S1_Rep2	sky	2018-10-26 17:35:16
Calaveras_P1S1_Rep2	sky	2018-10-26 17:35:21
Calaveras_P1S1_Rep2	sky	2018-10-26 17:35:25
Calaveras_P1S1_Rep2	sky	2018-10-26 17:35:30
Calaveras_P1S1_Rep2	sky	2018-10-26 17:35:34
Calaveras_P1S1_Rep3	plate	2018-10-26 17:35:54
Calaveras_P1S1_Rep3	water	2018-10-26 17:37:33
Calaveras_P1S1_Rep3	water	2018-10-26 17:37:38
Calaveras_P1S1_Rep3	water	2018-10-26 17:37:42
Calaveras_P1S1_Rep3	water	2018-10-26 17:37:46
Calaveras_P1S1_Rep3	water	2018-10-26 17:37:51
Calaveras_P1S1_Rep3	water	2018-10-26 17:37:55
Calaveras_P1S1_Rep3	water	2018-10-26 17:38:00
Calaveras_P1S1_Rep3	water	2018-10-26 17:38:04
Calaveras_P1S1_Rep3	water	2018-10-26 17:38:09
Calaveras_P1S1_Rep3	sky	2018-10-26 17:38:57
Calaveras_P1S1_Rep3	sky	2018-10-26 17:39:02
Calaveras_P1S1_Rep3	sky	2018-10-26 17:39:06
Calaveras_P1S1_Rep3	sky	2018-10-26 17:39:12
Calaveras_P1S2_Rep2	plate	2018-10-26 17:39:51
Calaveras_P1S2_Rep2	plate	2018-10-26 17:39:55
Calaveras_P1S2_Rep2	plate	2018-10-26 17:39:59
Calaveras_P1S2_Rep2	water	2018-10-26 17:40:25
Calaveras_P1S2_Rep2	water	2018-10-26 17:40:29
Calaveras_P1S2_Rep2	water	2018-10-26 17:40:33
Calaveras_P1S2_Rep2	water	2018-10-26 17:40:38
Calaveras_P1S2_Rep2	water	2018-10-26 17:40:42
Calaveras_P1S2_Rep2	sky	2018-10-26 17:42:12
Calaveras_P1S2_Rep2	sky	2018-10-26 17:42:16
Calaveras_P1S2_Rep2	sky	2018-10-26 17:42:21
Calaveras_P1S2_Rep2	sky	2018-10-26 17:42:25
Calaveras_P1S2_Rep2	sky	2018-10-26 17:42:29
Calaveras_P1S2_Rep2	sky	2018-10-26 17:42:34
Calaveras_P1S2_Rep2	sky	2018-10-26 17:42:38
Calaveras_P1S2_Rep2	sky	2018-10-26 17:42:43
Calaveras_P1S2_Rep2	sky	2018-10-26 17:42:47
Calaveras_P1S3_Rep1	plate	2018-10-26 17:44:26
Calaveras_P1S3_Rep1	water	2018-10-26 17:44:41
Calaveras_P1S3_Rep1	water	2018-10-26 17:44:45
Calaveras_P1S3_Rep1	water	2018-10-26 17:44:50
Calaveras_P1S3_Rep1	water	2018-10-26 17:44:54
Calaveras_P1S3_Rep1	water	2018-10-26 17:44:59
Calaveras_P1S3_Rep1	water	2018-10-26 17:45:04
Calaveras_P1S3_Rep1	water	2018-10-26 17:45:08
Calaveras_P1S3_Rep1	sky	2018-10-26 17:45:28
Calaveras_P1S3_Rep3	plate	2018-10-26 17:56:00
Calaveras_P1S3_Rep3	plate	2018-10-26 17:56:04
Calaveras_P1S3_Rep3	water	2018-10-26 17:56:16
Calaveras_P1S3_Rep3	water	2018-10-26 17:56:20
Calaveras_P1S3_Rep3	water	2018-10-26 17:56:25
Calaveras_P1S3_Rep3	water	2018-10-26 17:56:31
Calaveras_P1S3_Rep3	water	2018-10-26 17:56:37
Calaveras_P1S3_Rep3	water	2018-10-26 17:56:43
Calaveras_P1S3_Rep3	sky	2018-10-26 17:57:00
Calaveras_P1S3_Rep3	sky	2018-10-26 17:57:05
Calaveras_P1S3_Rep3	sky	2018-10-26 17:57:09
Calaveras_P1S3_Rep3	sky	2018-10-26 17:57:14
Calaveras_P1S3_Rep3	sky	2018-10-26 17:57:18
Calaveras_P1S3_Rep3	sky	2018-10-26 17:57:23
Calaveras_P1S3_Rep3	sky	2018-10-26 17:57:27
Calaveras_P1S3_Rep3	sky	2018-10-26 17:57:32
Calaveras_P1S3_Rep3	sky	2018-10-26 17:57:36
Calaveras_P2S1_Rep1	plate	2018-10-26 17:59:01
Calaveras_P2S1_Rep1	plate	2018-10-26 17:59:05
Calaveras_P2S1_Rep1	plate	2018-10-26 17:59:09
Calaveras_P2S1_Rep1	plate	2018-10-26 17:59:14
Calaveras_P2S1_Rep1	plate	2018-10-26 17:59:18
Calaveras_P2S1_Rep1	plate	2018-10-26 17:59:23
Calaveras_P2S1_Rep1	plate	2018-10-26 17:59:27
Calaveras_P2S1_Rep1	plate	2018-10-26 17:59:32
Calaveras_P2S1_Rep1	plate	2018-10-26 17:59:36
Calaveras_P2S1_Rep1	water	2018-10-26 17:59:55
Calaveras_P2S1_Rep1	water	2018-10-26 18:00:00
Calaveras_P2S1_Rep1	water	2018-10-26 18:00:04
Calaveras_P2S1_Rep1	water	2018-10-26 18:00:10
Calaveras_P2S1_Rep1	water	2018-10-26 18:00:16
Calaveras_P2S1_Rep1	water	2018-10-26 18:00:22
Calaveras_P2S1_Rep1	water	2018-10-26 18:00:28
Calaveras_P2S1_Rep1	water	2018-10-26 18:00:34
Calaveras_P2S1_Rep1	water	2018-10-26 18:00:40
Calaveras_P2S1_Rep1	sky	2018-10-26 18:00:58
Calaveras_P2S1_Rep1	sky	2018-10-26 18:01:02
Calaveras_P2S1_Rep1	sky	2018-10-26 18:01:07
Calaveras_P2S1_Rep1	sky	2018-10-26 18:01:11
Calaveras_P2S1_Rep1	sky	2018-10-26 18:01:16
Calaveras_P2S1_Rep1	sky	2018-10-26 18:01:20
Calaveras_P2S1_Rep1	sky	2018-10-26 18:01:25
Calaveras_P2S1_Rep1	sky	2018-10-26 18:01:29
Calaveras_P2S1_Rep1	sky	2018-10-26 18:01:34
Calaveras_P2S1_Rep2	plate	2018-10-26 18:03:01
Calaveras_P2S1_Rep2	water	2018-10-26 18:03:27
Calaveras_P2S1_Rep2	water	2018-10-26 18:03:32
Calaveras_P2S1_Rep2	water	2018-10-26 18:03:37
Calaveras_P2S1_Rep2	water	2018-10-26 18:03:41
Calaveras_P2S1_Rep2	water	2018-10-26 18:03:46
Calaveras_P2S1_Rep2	water	2018-10-26 18:03:51
Calaveras_P2S1_Rep2	water	2018-10-26 18:03:56
Calaveras_P2S1_Rep2	water	2018-10-26 18:04:01
Calaveras_P2S1_Rep2	water	2018-10-26 18:04:05
Calaveras_P2S1_Rep2	sky	2018-10-26 18:04:28
Calaveras_P2S1_Rep2	sky	2018-10-26 18:04:32
Calaveras_P2S1_Rep2	sky	2018-10-26 18:04:37
Calaveras_P2S1_Rep2	sky	2018-10-26 18:04:42
Calaveras_P2S1_Rep2	sky	2018-10-26 18:04:47
Calaveras_P2S1_Rep2	sky	2018-10-26 18:04:51
Calaveras_P2S1_Rep2	sky	2018-10-26 18:04:56
Calaveras_P2S1_Rep2	sky	2018-10-26 18:05:01
Calaveras_P2S1_Rep2	sky	2018-10-26 18:05:05
Calaveras_P2S2_Rep1	plate	2018-10-26 18:17:59
Calaveras_P2S2_Rep1	plate	2018-10-26 18:18:03
Calaveras_P2S2_Rep1	plate	2018-10-26 18:18:07
Calaveras_P2S2_Rep1	plate	2018-10-26 18:18:12
Calaveras_P2S2_Rep1	plate	2018-10-26 18:18:16
Calaveras_P2S2_Rep1	plate	2018-10-26 18:18:20
Calaveras_P2S2_Rep1	plate	2018-10-26 18:18:25
Calaveras_P2S2_Rep1	plate	2018-10-26 18:18:29
Calaveras_P2S2_Rep1	plate	2018-10-26 18:18:34
Calaveras_P2S2_Rep1	water	2018-10-26 18:19:08
Calaveras_P2S2_Rep1	water	2018-10-26 18:19:13
Calaveras_P2S2_Rep1	water	2018-10-26 18:19:18
Calaveras_P2S2_Rep1	water	2018-10-26 18:19:23
Calaveras_P2S2_Rep1	water	2018-10-26 18:19:29
Calaveras_P2S2_Rep1	water	2018-10-26 18:19:35
Calaveras_P2S2_Rep1	water	2018-10-26 18:19:40
Calaveras_P2S2_Rep1	water	2018-10-26 18:19:46
Calaveras_P2S2_Rep1	sky	2018-10-26 18:20:33
Calaveras_P2S2_Rep1	sky	2018-10-26 18:20:38
Calaveras_P2S2_Rep1	sky	2018-10-26 18:20:42
Calaveras_P2S2_Rep1	sky	2018-10-26 18:20:47
Calaveras_P2S2_Rep1	sky	2018-10-26 18:20:51
Calaveras_P2S2_Rep1	sky	2018-10-26 18:20:56
Calaveras_P2S2_Rep1	sky	2018-10-26 18:21:00
Calaveras_P2S2_Rep1	sky	2018-10-26 18:21:05
Calaveras_P2S2_Rep1	sky	2018-10-26 18:21:09
Calaveras_P2S2_Rep2	plate	2018-10-26 18:22:25
Calaveras_P2S2_Rep2	plate	2018-10-26 18:22:30
Calaveras_P2S2_Rep2	plate	2018-10-26 18:22:34
Calaveras_P2S2_Rep2	plate	2018-10-26 18:22:39
Calaveras_P2S2_Rep2	plate	2018-10-26 18:22:43
Calaveras_P2S2_Rep2	plate	2018-10-26 18:22:48
Calaveras_P2S2_Rep2	plate	2018-10-26 18:22:52
Calaveras_P2S2_Rep2	plate	2018-10-26 18:22:57
Calaveras_P2S2_Rep2	plate	2018-10-26 18:23:01
Calaveras_P2S2_Rep2	water	2018-10-26 18:23:18
Calaveras_P2S2_Rep2	water	2018-10-26 18:23:22
Calaveras_P2S2_Rep2	water	2018-10-26 18:23:27
Calaveras_P2S2_Rep2	water	2018-10-26 18:23:31
Calaveras_P2S2_Rep2	water	2018-10-26 18:23:36
Calaveras_P2S2_Rep2	water	2018-10-26 18:23:41
Calaveras_P2S2_Rep2	water	2018-10-26 18:23:45
Calaveras_P2S2_Rep2	water	2018-10-26 18:23:50
Calaveras_P2S2_Rep2	water	2018-10-26 18:23:54
Calaveras_P2S2_Rep2	sky	2018-10-26 18:24:19
Calaveras_P2S2_Rep2	sky	2018-10-26 18:24:24
Calaveras_P2S2_Rep2	sky	2018-10-26 18:24:29
Calaveras_P2S2_Rep2	sky	2018-10-26 18:24:33
Calaveras_P2S2_Rep2	sky	2018-10-26 18:24:38
Calaveras_P2S2_Rep2	sky	2018-10-26 18:24:42
Calaveras_P2S2_Rep2	sky	2018-10-26 18:24:47
Calaveras_P2S2_Rep2	sky	2018-10-26 18:24:52
Calaveras_P2S2_Rep2	sky	2018-10-26 18:24:56
Calaveras_P2S2_Rep3	plate	2018-10-26 18:25:38
Calaveras_P2S2_Rep3	plate	2018-10-26 18:25:42
Calaveras_P2S2_Rep3	plate	2018-10-26 18:25:47
Calaveras_P2S2_Rep3	plate	2018-10-26 18:25:51
Calaveras_P2S2_Rep3	plate	2018-10-26 18:25:56
Calaveras_P2S2_Rep3	plate	2018-10-26 18:26:01
Calaveras_P2S2_Rep3	plate	2018-10-26 18:26:05
Calaveras_P2S2_Rep3	plate	2018-10-26 18:26:10
Calaveras_P2S2_Rep3	plate	2018-10-26 18:26:14
Calaveras_P2S2_Rep3	water	2018-10-26 18:26:30
Calaveras_P2S2_Rep3	water	2018-10-26 18:26:35
Calaveras_P2S2_Rep3	water	2018-10-26 18:26:39
Calaveras_P2S2_Rep3	water	2018-10-26 18:26:44
Calaveras_P2S2_Rep3	water	2018-10-26 18:26:49
Calaveras_P2S2_Rep3	water	2018-10-26 18:26:53
Calaveras_P2S2_Rep3	water	2018-10-26 18:26:58
Calaveras_P2S2_Rep3	water	2018-10-26 18:27:02
Calaveras_P2S2_Rep3	water	2018-10-26 18:27:07
Calaveras_P2S2_Rep3	sky	2018-10-26 18:27:24
Calaveras_P2S2_Rep3	sky	2018-10-26 18:27:28
Calaveras_P2S2_Rep3	sky	2018-10-26 18:27:33
Calaveras_P2S2_Rep3	sky	2018-10-26 18:27:37
Calaveras_P2S2_Rep3	sky	2018-10-26 18:27:42
Calaveras_P2S2_Rep3	sky	2018-10-26 18:27:46
Calaveras_P2S2_Rep3	sky	2018-10-26 18:27:51
Calaveras_P2S2_Rep3	sky	2018-10-26 18:27:56
Calaveras_P2S2_Rep3	sky	2018-10-26 18:28:00
Calaveras_P2S3_Rep1	plate	2018-10-26 18:36:18
Calaveras_P2S3_Rep1	plate	2018-10-26 18:36:23
Calaveras_P2S3_Rep1	water	2018-10-26 18:37:13
Calaveras_P2S3_Rep1	water	2018-10-26 18:37:17
Calaveras_P2S3_Rep1	water	2018-10-26 18:37:21
Calaveras_P2S3_Rep1	water	2018-10-26 18:37:26
Calaveras_P2S3_Rep1	water	2018-10-26 18:37:30
Calaveras_P2S3_Rep1	water	2018-10-26 18:37:35
Calaveras_P2S3_Rep1	water	2018-10-26 18:37:39
Calaveras_P2S3_Rep1	water	2018-10-26 18:37:44
Calaveras_P2S3_Rep1	water	2018-10-26 18:37:48
Calaveras_P2S3_Rep1	sky	2018-10-26 18:38:05
Calaveras_P2S3_Rep1	sky	2018-10-26 18:38:10
Calaveras_P2S3_Rep1	sky	2018-10-26 18:38:14
Calaveras_P2S3_Rep1	sky	2018-10-26 18:38:20
Calaveras_P2S3_Rep1	sky	2018-10-26 18:38:26
Calaveras_P2S3_Rep1	sky	2018-10-26 18:38:32
Calaveras_P2S3_Rep1	sky	2018-10-26 18:38:38
Calaveras_P2S3_Rep1	sky	2018-10-26 18:38:44
Calaveras_P2S3_Rep1	sky	2018-10-26 18:38:50
Calaveras_P2S3_Rep3	plate	2018-10-26 18:41:30
Calaveras_P2S3_Rep3	plate	2018-10-26 18:41:35
Calaveras_P2S3_Rep3	plate	2018-10-26 18:41:39
Calaveras_P2S3_Rep3	plate	2018-10-26 18:41:45
Calaveras_P2S3_Rep3	plate	2018-10-26 18:41:51
Calaveras_P2S3_Rep3	plate	2018-10-26 18:41:57
Calaveras_P2S3_Rep3	plate	2018-10-26 18:42:03
Calaveras_P2S3_Rep3	plate	2018-10-26 18:42:09
Calaveras_P2S3_Rep3	plate	2018-10-26 18:42:15
Calaveras_P2S3_Rep3	water	2018-10-26 18:42:31
Calaveras_P2S3_Rep3	water	2018-10-26 18:42:35
Calaveras_P2S3_Rep3	water	2018-10-26 18:42:39
Calaveras_P2S3_Rep3	water	2018-10-26 18:42:44
Calaveras_P2S3_Rep3	water	2018-10-26 18:42:48
Calaveras_P2S3_Rep3	water	2018-10-26 18:42:53
Calaveras_P2S3_Rep3	water	2018-10-26 18:42:57
Calaveras_P2S3_Rep3	water	2018-10-26 18:43:02
Calaveras_P2S3_Rep3	water	2018-10-26 18:43:06
Calaveras_P2S3_Rep3	sky	2018-10-26 18:43:34
Calaveras_P2S3_Rep3	sky	2018-10-26 18:43:39
Calaveras_P2S3_Rep3	sky	2018-10-26 18:43:43
Calaveras_P2S3_Rep3	sky	2018-10-26 18:43:47
Calaveras_P2S3_Rep3	sky	2018-10-26 18:43:52
Calaveras_P2S3_Rep3	sky	2018-10-26 18:43:56
Calaveras_P2S3_Rep3	sky	2018-10-26 18:44:01
Calaveras_P2S3_Rep3	sky	2018-10-26 18:44:05
Calaveras_P2S3_Rep3	sky	2018-10-26 18:44:10
Calaveras_P3S1_Rep1	plate	2018-10-26 18:52:36
Calaveras_P3S1_Rep1	plate	2018-10-26 18:52:41
Calaveras_P3S1_Rep1	plate	2018-10-26 18:52:45
Calaveras_P3S1_Rep1	plate	2018-10-26 18:52:49
Calaveras_P3S1_Rep1	plate	2018-10-26 18:52:54
Calaveras_P3S1_Rep1	plate	2018-10-26 18:52:58
Calaveras_P3S1_Rep1	plate	2018-10-26 18:53:03
Calaveras_P3S1_Rep1	plate	2018-10-26 18:53:07
Calaveras_P3S1_Rep1	plate	2018-10-26 18:53:12
Calaveras_P3S1_Rep1	water	2018-10-26 18:53:43
Calaveras_P3S1_Rep1	water	2018-10-26 18:53:47
Calaveras_P3S1_Rep1	water	2018-10-26 18:53:52
Calaveras_P3S1_Rep1	water	2018-10-26 18:53:57
Calaveras_P3S1_Rep1	water	2018-10-26 18:54:03
Calaveras_P3S1_Rep1	water	2018-10-26 18:54:09
Calaveras_P3S1_Rep1	water	2018-10-26 18:54:15
Calaveras_P3S1_Rep1	water	2018-10-26 18:54:21
Calaveras_P3S1_Rep1	water	2018-10-26 18:54:27
Calaveras_P3S1_Rep1	sky	2018-10-26 18:54:45
Calaveras_P3S1_Rep1	sky	2018-10-26 18:54:49
Calaveras_P3S1_Rep1	sky	2018-10-26 18:54:54
Calaveras_P3S1_Rep1	sky	2018-10-26 18:54:58
Calaveras_P3S1_Rep1	sky	2018-10-26 18:55:03
Calaveras_P3S1_Rep1	sky	2018-10-26 18:55:07
Calaveras_P3S1_Rep1	sky	2018-10-26 18:55:12
Calaveras_P3S1_Rep1	sky	2018-10-26 18:55:16
Calaveras_P3S1_Rep1	sky	2018-10-26 18:55:21
Calaveras_P3S1_Rep2	plate	2018-10-26 18:55:55
Calaveras_P3S1_Rep2	plate	2018-10-26 18:55:59
Calaveras_P3S1_Rep2	plate	2018-10-26 18:56:03
Calaveras_P3S1_Rep2	plate	2018-10-26 18:56:08
Calaveras_P3S1_Rep2	plate	2018-10-26 18:56:12
Calaveras_P3S1_Rep2	plate	2018-10-26 18:56:17
Calaveras_P3S1_Rep2	plate	2018-10-26 18:56:21
Calaveras_P3S1_Rep2	plate	2018-10-26 18:56:25
Calaveras_P3S1_Rep2	plate	2018-10-26 18:56:30
Calaveras_P3S1_Rep2	water	2018-10-26 18:56:49
Calaveras_P3S1_Rep2	water	2018-10-26 18:56:54
Calaveras_P3S1_Rep2	water	2018-10-26 18:56:58
Calaveras_P3S1_Rep2	water	2018-10-26 18:57:04
Calaveras_P3S1_Rep2	water	2018-10-26 18:57:10
Calaveras_P3S1_Rep2	water	2018-10-26 18:57:16
Calaveras_P3S1_Rep2	water	2018-10-26 18:57:22
Calaveras_P3S1_Rep2	water	2018-10-26 18:57:28
Calaveras_P3S1_Rep2	water	2018-10-26 18:57:34
Calaveras_P3S1_Rep2	sky	2018-10-26 18:57:51
Calaveras_P3S1_Rep2	sky	2018-10-26 18:57:55
Calaveras_P3S1_Rep2	sky	2018-10-26 18:58:00
Calaveras_P3S1_Rep2	sky	2018-10-26 18:58:04
Calaveras_P3S1_Rep2	sky	2018-10-26 18:58:09
Calaveras_P3S1_Rep2	sky	2018-10-26 18:58:13
Calaveras_P3S1_Rep2	sky	2018-10-26 18:58:17
Calaveras_P3S1_Rep2	sky	2018-10-26 18:58:22
Calaveras_P3S1_Rep2	sky	2018-10-26 18:58:26
Calaveras_P3S1_Rep3	plate	2018-10-26 18:59:29
Calaveras_P3S1_Rep3	plate	2018-10-26 18:59:33
Calaveras_P3S1_Rep3	plate	2018-10-26 18:59:38
Calaveras_P3S1_Rep3	plate	2018-10-26 18:59:42
Calaveras_P3S1_Rep3	plate	2018-10-26 18:59:47
Calaveras_P3S1_Rep3	plate	2018-10-26 18:59:51
Calaveras_P3S1_Rep3	plate	2018-10-26 18:59:56
Calaveras_P3S1_Rep3	plate	2018-10-26 19:00:00
Calaveras_P3S1_Rep3	plate	2018-10-26 19:00:04
Calaveras_P3S1_Rep3	water	2018-10-26 19:00:36
Calaveras_P3S1_Rep3	water	2018-10-26 19:00:40
Calaveras_P3S1_Rep3	water	2018-10-26 19:00:45
Calaveras_P3S1_Rep3	water	2018-10-26 19:00:51
Calaveras_P3S1_Rep3	water	2018-10-26 19:00:57
Calaveras_P3S1_Rep3	water	2018-10-26 19:01:03
Calaveras_P3S1_Rep3	water	2018-10-26 19:01:09
Calaveras_P3S1_Rep3	water	2018-10-26 19:01:15
Calaveras_P3S1_Rep3	water	2018-10-26 19:01:20
Calaveras_P3S2_Rep1	plate	2018-10-26 19:14:11
Calaveras_P3S2_Rep1	plate	2018-10-26 19:14:15
Calaveras_P3S2_Rep1	plate	2018-10-26 19:14:20
Calaveras_P3S2_Rep1	plate	2018-10-26 19:14:24
Calaveras_P3S2_Rep1	plate	2018-10-26 19:14:28
Calaveras_P3S2_Rep1	plate	2018-10-26 19:14:33
Calaveras_P3S2_Rep1	plate	2018-10-26 19:14:37
Calaveras_P3S2_Rep1	plate	2018-10-26 19:14:42
Calaveras_P3S2_Rep1	plate	2018-10-26 19:14:46
Calaveras_P3S2_Rep1	water	2018-10-26 19:15:01
Calaveras_P3S2_Rep1	water	2018-10-26 19:15:05
Calaveras_P3S2_Rep1	water	2018-10-26 19:15:10
Calaveras_P3S2_Rep1	water	2018-10-26 19:15:16
Calaveras_P3S2_Rep1	water	2018-10-26 19:15:22
Calaveras_P3S2_Rep1	water	2018-10-26 19:15:28
Calaveras_P3S2_Rep1	water	2018-10-26 19:15:33
Calaveras_P3S2_Rep1	water	2018-10-26 19:15:39
Calaveras_P3S2_Rep1	water	2018-10-26 19:15:45
Calaveras_P3S2_Rep1	sky	2018-10-26 19:16:01
Calaveras_P3S2_Rep1	sky	2018-10-26 19:16:06
Calaveras_P3S2_Rep1	sky	2018-10-26 19:16:10
Calaveras_P3S2_Rep1	sky	2018-10-26 19:16:15
Calaveras_P3S2_Rep1	sky	2018-10-26 19:16:19
Calaveras_P3S2_Rep1	sky	2018-10-26 19:16:24
Calaveras_P3S2_Rep1	sky	2018-10-26 19:16:28
Calaveras_P3S2_Rep1	sky	2018-10-26 19:16:33
Calaveras_P3S2_Rep1	sky	2018-10-26 19:16:37
Calaveras_P3S2_Rep2	plate	2018-10-26 19:18:16
Calaveras_P3S2_Rep2	plate	2018-10-26 19:18:21
Calaveras_P3S2_Rep2	plate	2018-10-26 19:18:25
Calaveras_P3S2_Rep2	plate	2018-10-26 19:18:29
Calaveras_P3S2_Rep2	plate	2018-10-26 19:18:34
Calaveras_P3S2_Rep2	plate	2018-10-26 19:18:38
Calaveras_P3S2_Rep2	plate	2018-10-26 19:18:43
Calaveras_P3S2_Rep2	plate	2018-10-26 19:18:47
Calaveras_P3S2_Rep2	plate	2018-10-26 19:18:52
Calaveras_P3S2_Rep2	water	2018-10-26 19:19:15
Calaveras_P3S2_Rep2	water	2018-10-26 19:19:19
Calaveras_P3S2_Rep2	water	2018-10-26 19:19:24
Calaveras_P3S2_Rep2	water	2018-10-26 19:19:30
Calaveras_P3S2_Rep2	water	2018-10-26 19:19:36
Calaveras_P3S2_Rep2	water	2018-10-26 19:19:41
Calaveras_P3S2_Rep2	water	2018-10-26 19:19:47
Calaveras_P3S2_Rep2	water	2018-10-26 19:19:53
Calaveras_P3S2_Rep2	water	2018-10-26 19:19:59
Calaveras_P3S2_Rep2	sky	2018-10-26 19:20:27
Calaveras_P3S2_Rep2	sky	2018-10-26 19:20:32
Calaveras_P3S2_Rep2	sky	2018-10-26 19:20:36
Calaveras_P3S2_Rep2	sky	2018-10-26 19:20:41
Calaveras_P3S2_Rep2	sky	2018-10-26 19:20:45
Calaveras_P3S2_Rep2	sky	2018-10-26 19:20:50
Calaveras_P3S2_Rep2	sky	2018-10-26 19:20:54
Calaveras_P3S2_Rep2	sky	2018-10-26 19:20:59
Calaveras_P3S2_Rep2	sky	2018-10-26 19:21:03
Calaveras_P3S2_Rep3	plate	2018-10-26 19:22:11
Calaveras_P3S2_Rep3	plate	2018-10-26 19:22:16
Calaveras_P3S2_Rep3	plate	2018-10-26 19:22:20
Calaveras_P3S2_Rep3	plate	2018-10-26 19:22:24
Calaveras_P3S2_Rep3	plate	2018-10-26 19:22:29
Calaveras_P3S2_Rep3	plate	2018-10-26 19:22:33
Calaveras_P3S2_Rep3	plate	2018-10-26 19:22:37
Calaveras_P3S2_Rep3	plate	2018-10-26 19:22:42
Calaveras_P3S2_Rep3	plate	2018-10-26 19:22:46
Calaveras_P3S2_Rep3	water	2018-10-26 19:23:10
Calaveras_P3S2_Rep3	water	2018-10-26 19:23:15
Calaveras_P3S2_Rep3	water	2018-10-26 19:23:19
Calaveras_P3S2_Rep3	water	2018-10-26 19:23:25
Calaveras_P3S2_Rep3	water	2018-10-26 19:23:31
Calaveras_P3S2_Rep3	water	2018-10-26 19:23:37
Calaveras_P3S2_Rep3	water	2018-10-26 19:23:43
Calaveras_P3S2_Rep3	water	2018-10-26 19:23:49
Calaveras_P3S2_Rep3	water	2018-10-26 19:23:55
Calaveras_P3S2_Rep3	sky	2018-10-26 19:24:15
Calaveras_P3S2_Rep3	sky	2018-10-26 19:24:19
Calaveras_P3S2_Rep3	sky	2018-10-26 19:24:23
Calaveras_P3S2_Rep3	sky	2018-10-26 19:24:28
Calaveras_P3S2_Rep3	sky	2018-10-26 19:24:32
Calaveras_P3S2_Rep3	sky	2018-10-26 19:24:37
Calaveras_P3S2_Rep3	sky	2018-10-26 19:24:41
Calaveras_P3S2_Rep3	sky	2018-10-26 19:24:45
Calaveras_P3S2_Rep3	sky	2018-10-26 19:24:49
Calaveras_P3S3_Rep1	water	2018-10-26 19:38:24
Calaveras_P3S3_Rep1	water	2018-10-26 19:38:28
Calaveras_P3S3_Rep1	water	2018-10-26 19:38:33
Calaveras_P3S3_Rep1	water	2018-10-26 19:38:37
Calaveras_P3S3_Rep1	water	2018-10-26 19:38:42
Calaveras_P3S3_Rep1	water	2018-10-26 19:38:46
Calaveras_P3S3_Rep1	water	2018-10-26 19:38:50
Calaveras_P3S3_Rep1	water	2018-10-26 19:38:55
Calaveras_P3S3_Rep1	water	2018-10-26 19:38:59
Calaveras_P3S3_Rep2	plate	2018-10-26 19:40:21
Calaveras_P3S3_Rep2	plate	2018-10-26 19:40:25
Calaveras_P3S3_Rep2	plate	2018-10-26 19:40:30
Calaveras_P3S3_Rep2	plate	2018-10-26 19:40:34
Calaveras_P3S3_Rep2	plate	2018-10-26 19:40:38
Calaveras_P3S3_Rep2	plate	2018-10-26 19:40:43
Calaveras_P3S3_Rep2	plate	2018-10-26 19:40:47
Calaveras_P3S3_Rep2	plate	2018-10-26 19:40:52
Calaveras_P3S3_Rep2	plate	2018-10-26 19:40:56
Calaveras_P3S3_Rep2	water	2018-10-26 19:41:30
Calaveras_P3S3_Rep2	water	2018-10-26 19:41:35
Calaveras_P3S3_Rep2	water	2018-10-26 19:41:39
Calaveras_P3S3_Rep2	water	2018-10-26 19:41:43
Calaveras_P3S3_Rep2	water	2018-10-26 19:41:48
Calaveras_P3S3_Rep2	water	2018-10-26 19:41:52
Calaveras_P3S3_Rep2	water	2018-10-26 19:41:56
Calaveras_P3S3_Rep2	water	2018-10-26 19:42:01
Calaveras_P3S3_Rep2	water	2018-10-26 19:42:05
Calaveras_P3S3_Rep2	sky	2018-10-26 19:42:21
Calaveras_P3S3_Rep2	sky	2018-10-26 19:42:26
Calaveras_P3S3_Rep2	sky	2018-10-26 19:42:30
Calaveras_P3S3_Rep2	sky	2018-10-26 19:42:36
Calaveras_P3S3_Rep2	sky	2018-10-26 19:42:42
Calaveras_P3S3_Rep2	sky	2018-10-26 19:42:48
Calaveras_P3S3_Rep2	sky	2018-10-26 19:42:54
Calaveras_P3S3_Rep2	sky	2018-10-26 19:43:00
Calaveras_P3S3_Rep2	sky	2018-10-26 19:43:06
